{
  "HAR": {
    "MAE": 0.00014081171191689844,
    "RMSE": 0.00038361871926890985,
    "R2": 0.17945107264935078,
    "predictions": [
      4.69921553648383e-05,
      5.142160761102091e-05,
      4.793294594577781e-05,
      5.356591397482619e-05,
      5.553433797131488e-05,
      6.130724199122605e-05,
      5.659737409316476e-05,
      5.973135603935929e-05,
      8.15537108542092e-05,
      7.790169632300788e-05,
      0.00010975024060876198,
      0.00037328654501991474,
      0.00024391260575329417,
      0.0002622353921668276,
      0.0002647950547408069,
      0.00024755528197901967,
      0.00016447401822607214,
      0.00016354511377532363,
      0.00015124389222508577,
      0.0001596422650329268,
      0.00014736164429016794,
      0.0001432800506719646,
      0.0001401349880963443,
      0.00014115082426905963,
      0.00014155375736972162,
      0.00014731079113561223,
      0.0001409128633735071,
      0.00013858869189323992,
      0.00013836779083988902,
      0.00014045186743507048,
      0.0001339672935482525,
      0.0001356048934909997,
      0.00013268249780242018,
      7.696152955162884e-05,
      8.077801065930825e-05,
      7.526831831925672e-05,
      6.778841829025898e-05,
      7.101676871601066e-05,
      6.83586067846145e-05,
      6.232590248877648e-05,
      5.9253278714316495e-05,
      5.8645859238262746e-05,
      7.466391504000659e-05,
      0.00010035480458833902,
      8.559474890736641e-05,
      8.271251300454893e-05,
      7.948539360322352e-05,
      6.98884685539889e-05,
      6.482261918258801e-05,
      5.997776889613795e-05,
      6.041814471442887e-05,
      6.567965640713521e-05,
      6.365386718842396e-05,
      6.573186487090982e-05,
      7.146596350896282e-05,
      6.6912592388101e-05,
      6.400608849878572e-05,
      5.960592453848963e-05,
      5.862005636885689e-05,
      5.2117266799057364e-05,
      5.022044542553618e-05,
      4.9754919407016054e-05,
      4.8539168779078086e-05,
      5.269338466796262e-05,
      4.6585759913415575e-05,
      3.87779701253507e-05,
      4.0193531389027954e-05,
      4.101632442204873e-05,
      3.972696025585353e-05,
      4.4314651772691654e-05,
      4.352821022076044e-05,
      4.2053495262551854e-05,
      4.1371820181336903e-05,
      5.173307630215228e-05,
      4.943465837113091e-05,
      4.60755642609779e-05,
      4.464778921605469e-05,
      9.564875795080577e-05,
      6.661145968622325e-05,
      6.317346422798187e-05,
      6.358819386814699e-05,
      6.258436835086695e-05,
      4.852250444802802e-05,
      4.94188117729019e-05,
      5.565391595121239e-05,
      5.077517001018734e-05,
      5.678622962191043e-05,
      5.6568529050269344e-05,
      6.142124673777193e-05,
      5.776080759502385e-05,
      6.140887515398867e-05,
      5.6230336979243075e-05,
      5.412420395510238e-05,
      5.0115057516442215e-05,
      4.88812592498714e-05,
      4.407298313090678e-05,
      4.3165453613455796e-05,
      4.1742215294581724e-05,
      4.1718373424653805e-05,
      3.154945288224532e-05,
      3.0973030205597704e-05,
      3.255664525729159e-05,
      3.2055013388819097e-05,
      3.3899807586582225e-05,
      3.288417834197685e-05,
      3.512091805870177e-05,
      4.350920295304514e-05,
      6.120044066818864e-05,
      6.709853303951276e-05,
      6.145787847581559e-05,
      5.628730896494787e-05,
      5.3573916858212206e-05,
      5.689644970489335e-05,
      7.33249024904933e-05,
      6.620045238131159e-05,
      8.188050125547142e-05,
      7.910722176023534e-05,
      8.263085517047541e-05,
      7.735202519846285e-05,
      7.827780374380857e-05,
      8.509990896179158e-05,
      8.865968013448484e-05,
      8.633854703002947e-05,
      0.00010593086498765962,
      9.368845848329755e-05,
      9.650175304343641e-05,
      9.279732689101958e-05,
      8.865946402481112e-05,
      7.7021030718664e-05,
      7.147213508749545e-05,
      0.00011903008830085291,
      9.13643932217124e-05,
      9.833014667806787e-05,
      0.00010005510788122,
      0.00010246274178787396,
      0.00012255208748524464,
      9.788964358828268e-05,
      9.234854743383442e-05,
      8.998238635046037e-05,
      9.515265982496181e-05,
      7.72577147722014e-05,
      7.464113526314595e-05,
      8.780175953947565e-05,
      7.768927914410144e-05,
      7.139854961041796e-05,
      6.5899209058567e-05,
      6.503259647685128e-05,
      5.9549541030302395e-05,
      6.0377719557699315e-05,
      6.46409484437229e-05,
      7.031979374625255e-05,
      7.23532551692768e-05,
      7.20808388635345e-05,
      8.022843682651722e-05,
      8.522072066842821e-05,
      0.00010479306933436155,
      0.00011168731385197015,
      0.0001273401514564182,
      0.0001258895850511409,
      0.0001487712696800587,
      0.00015161366292270925,
      0.00015651161242109,
      0.00014290368262016143,
      0.00014639242669017355,
      0.00012690122019532365,
      0.00012455911676510653,
      0.00011980637041974128,
      0.0001233966355846524,
      0.000131596522810959,
      0.0001343194670910328,
      0.00012415564412028546,
      0.00012295882794867522,
      0.00012317992038788646,
      0.00011924366222412384,
      0.00013619661050139344,
      0.0001310110336724908,
      0.00014663747527724413,
      0.00028814501679071147,
      0.0003613716870087041,
      0.000843554630232334,
      0.0007872619981964138,
      0.0010302905891090533,
      0.000963665249357922,
      0.0008804243301184884,
      0.0007415643400866239,
      0.0006456108461594865,
      0.0005543140681296818,
      0.0005064604769536248,
      0.0004917725612019674,
      0.0004864823558624024,
      0.0005818094894653892,
      0.0005165456171119477,
      0.0005167250319054618,
      0.0005129402873317573,
      0.0005064994171643654,
      0.0005128810156505609,
      0.0005043543885337655,
      0.0005090644863489206,
      0.0004992146342737331,
      0.0004781395337438825,
      0.00044196054900153827,
      0.00032785318737961266,
      0.0002712776787175553,
      0.00030190669624756997,
      0.00020612948136458086,
      0.00019080283256054658,
      0.00017473864307826354,
      0.0001682643595249131,
      0.00014040125113729625,
      0.00013082099351095197,
      0.00013917390087762486,
      0.0001308958755144174,
      0.0001285620964644891,
      0.00012827973370473246,
      0.00011776768076633363,
      0.00012629830001562113,
      0.00012359498909509815,
      0.00010741462613085677,
      9.633070555549839e-05,
      9.214839191020573e-05,
      9.39259985500009e-05
    ]
  },
  "RF": {
    "MAE": 6.93814645988652e-05,
    "RMSE": 0.0002863869622194218,
    "R2": 0.542689276243479,